V1,V2,V3,V4,V5,V6,V7,V8,V9,V10,V11,V12,V13,V14,V15,V16,V17,V18,V19,V20,V21,V22,V23,V24,V25,V26,V27,V28,std_amount,std_time
-1.68886565873416,1.0842422505019,1.86158120788362,0.932077357725782,-0.498132221505175,0.463195300036143,-0.632551615875049,1.09175785871148,1.66963059584312,-1.82123484983799,-0.659770844328502,-1.38298116502541,1.57598725406549,1.11571660092212,-3.16700624937521,-0.793568004826699,1.58120856549649,-0.947651769189959,-0.567133915835644,-0.520533976780653,-0.38675385080007,-0.770258852667848,-0.0945560029497976,0.0222259186556865,0.0549376220228647,-0.710649446060071,-0.208223975493232,-0.0858644499943827,-0.34099524921337343,-1.8435761496366827
-4.38422089880268,3.26466481012305,-3.07715801666012,3.40359359659281,-1.93807528041028,-1.2210812776781,-3.3103166090276,-1.11197501012863,-1.97759328056305,-3.28820356526528,2.88609147657536,-6.84897793447677,-1.02923459062256,-7.46010298330266,0.0559060176229105,-4.33478342671028,-9.87456039324105,-3.54190332932228,-0.531558760456647,-0.141533268810834,2.07638272101207,-0.990302787008607,-0.330358452316133,0.158377625833497,0.0063514462492984,-0.493860013315231,-1.53765237842389,-0.994022490842227,-0.17075673907549527,-0.7579138338246489
0.224414466674279,2.99449857558056,-3.43245819570533,3.98651893184362,3.76023294891974,0.165640145963465,1.09937770884947,-0.654557103379097,-2.43541565257984,-2.27673307339047,1.84607851719332,-1.96119460001748,-0.851166387195622,-7.12231638408937,1.01960490036808,2.13101467212875,6.44364914460203,1.59253819138457,-3.68190355226504,-0.20084628074101,0.491337124801356,-0.984222622736636,-0.421979358037133,-1.0480578940284,0.726411519627846,0.26862463804569,0.283689474052924,0.419101636371901,-0.35322939296682354,0.6495135565782738
1.72353190453565,-1.19270811209134,-0.67931159191491,-1.05312910294592,-1.06935933810432,-0.930315096796881,-0.487799435114367,-0.288435205163673,3.52967570161184,-1.38674282147163,0.241696360947703,-1.70917185034244,1.90804278987839,1.36270155885125,0.5465091377323,-0.472857248839164,0.4381131545207,0.559937030955556,0.194385199881254,0.122830002619812,0.235610554875397,0.863853515270603,-0.0915749061496061,-0.0621385886761434,-0.0989721885768534,-0.0863370460019333,-0.0226749758205316,-0.0226996091817704,0.3666660071136447,0.253308721602647
0.243426752456112,0.894461553537008,0.715695083984323,1.23166560942686,-0.187426817820478,-0.461335094685902,-0.457976375998794,-1.83668566105713,-0.286415000424539,0.184182983635879,-0.371880354870202,0.55608225984364,0.491201813496579,0.301633833874872,0.800796593427405,-0.974489063558952,0.669722418071738,-0.473709496692126,1.62947325393755,-0.174612818203354,1.48805457996728,-0.461834211797422,-0.43335684507308,0.48841743061259,0.738008005543172,0.839887561332949,0.198165316629129,0.233434354353296,-0.35322939296682354,-0.5513566599593328
-2.62345367685564,-6.4202929117368,0.0334552648511218,3.97007543589176,-3.37080729867893,1.53173956118272,1.10928827131628,0.0142600374415528,2.17563015824346,-0.909956992064569,1.0325824768936,-2.14846274270563,-0.106695568893136,1.23254898470051,-2.98406687063499,0.474451812197302,0.99529496904771,0.733864346223865,-0.688092393488803,3.57307939198222,0.914994117335227,-1.11440756502978,-1.63605708058953,0.609146512816672,-0.595700721583458,0.787974604473189,-0.392107596016035,0.334511609148697,7.25616813650753,-1.759681381497278
-1.46489654758402,1.97552752738073,-1.07714453940265,2.81919063998449,0.069850228405671,-0.789043629709432,-1.19610144945515,0.673654375004339,-1.36372387646135,-2.9328952580311,0.301368829965399,-3.24614143685335,-0.465640147552938,-5.42936187944371,-1.30498291640657,-0.953623442669269,-2.72734300093373,-0.63643691865914,-0.927124072666602,0.048968800272123,0.174099465690177,-0.272505290211891,-0.0315494503920774,-0.406165929676999,0.157768979757404,-0.104392920359594,0.0737955599806211,-0.0415702518454821,-0.3492313067728856,-0.2637475376581311
-5.90492080575337,4.43991138307409,-8.63180221299529,7.78868440738042,-4.98957980058454,-1.20014396478769,-7.6740599401754,4.12576101681016,-5.31577802250603,-4.89115620289902,4.22041859352387,-6.40830067684822,1.32800326739361,-5.853545070898,-0.928337066900246,-7.08579817642873,-12.62385610867,-4.74522383798077,2.79789150183086,-0.505607961764415,1.77502979034156,1.26644115239936,-0.199409588840669,0.0149600028407991,-1.90822653976519e-05,0.544209892335915,-1.16756581297999,-1.20635432583345,-0.1712764902807072,0.6045970052626739
-1.06067628419757,2.60857946990866,-2.97167900258071,4.36008935234848,3.73885304346426,-2.72839507263672,1.98761635466291,-0.357344707416169,-2.75753451251209,-2.33593332652232,2.11151686706104,-2.59194964968951,-1.9505893546741,-7.31157981735935,0.0777527657738322,2.29060783198994,6.50927165018434,2.56997142628646,-3.28615008214787,-0.0890615369649179,-0.0631678773494982,-0.207385284031508,-0.183260817119722,-0.103679373403096,0.896178353364318,0.407386872028391,-0.130918311231478,0.192177382137495,-0.3505106943549457,-1.3747214777933485
0.764614145085856,1.70619068358842,-1.75582326898206,1.55738605929459,1.10108282192437,-1.52945508856361,0.917701838227551,-0.190132334146002,-0.748935404668051,-1.04799294840309,2.57597962086527,0.538995397956777,0.662425314775265,-3.51562257682498,0.280192352094594,0.990653718015741,2.52031749375358,1.89491921011503,-0.128379516028413,0.165909180547093,-0.0853098059333543,0.0224523757486157,0.056011960329624,0.0084664264732977,-0.459203726965726,-0.421570494585479,0.260012320991944,0.0065711964771192,-0.34967109625421877,-1.9856539610414423
1.28149376597283,0.0964770304095861,0.220964609596187,0.451504314017433,-0.334820543476567,-0.720094523292043,-0.0171721154280741,-0.147116459818988,0.240988457706562,-0.0520198879653484,-0.839488347614414,-0.212264794338732,-0.29767011420065,0.309889405275221,1.09911293574431,0.41962984209931,-0.533280183329865,-0.129236102997976,0.0194834560423322,-0.0949726605885776,-0.104184496541926,-0.313713102270415,-0.0544730732506916,-0.0973783970158894,0.419471619691373,0.443691022838392,-0.0447392951520603,0.0084693542827921,-0.30217383227023586,-0.8741114569655211
-5.25643383358625,0.364541282922338,-5.41208501568175,2.40003149118237,0.697301198779903,-1.99875502849663,-5.83553244176087,-0.887739383363895,-2.82828664079509,-4.61450773315675,2.71069667870109,-3.15815569757752,1.0836091478793,-3.41515194777416,-1.05387003179712,-3.75103073303678,-9.26164098662644,-2.95516522195402,0.606570797159568,-0.403684910413759,-0.648259076792221,0.511284975320154,-1.11004452267604,0.178986970607497,0.22023534750991,-0.699808550320153,0.580486716857456,-0.173629869645159,-0.31764642584077574,1.0239234404935884
-1.66192512246625,1.16625806857902,1.19462344201637,-1.75693078416687,-0.068690101635836,-0.180708462803373,0.487417861577449,0.200245727313917,1.14281203094273,1.11258265173406,0.951955963274637,-0.720440249409252,-2.45205663211182,0.0356678545522961,0.460702459879649,0.505281037695156,-0.809422898581483,-0.0116571507039643,-0.725791171567675,0.4628460213066,-0.293977915855459,-0.233960250485798,-0.0732078217211699,-0.35477040333135,-0.326634048825219,0.696272798088574,0.0655901619461304,-0.326436717338795,-0.3225240909973801,-1.271495535670015
-0.937843305478391,3.46288948991687,-6.44510395393435,4.9321986662268,-2.23398306982245,-2.29156112129773,-5.69559392853253,1.33882463362261,-4.32237655329329,-8.0991193981365,7.18296700883659,-9.44594338249901,-0.314619967520224,-12.9914655817567,-0.136358931959623,-6.36752437517144,-12.7343938853776,-3.84512965889743,1.00766725992114,1.12953228130351,1.06655024941577,-0.521657289347299,-0.319917292909547,-0.405859088093617,0.906802159957716,1.16578389011737,1.37449533233535,0.729889341911333,-0.35322939296682354,-0.22342161371562108
-1.52279583726699,-1.04466583557767,2.77922408945053,3.81113992922836,0.93933519516944,-0.623032101536887,-1.46600904690992,0.449097740246845,-0.100679500755227,0.58922025741999,-1.21758319015404,-0.133753897394865,-0.655698048903773,-0.48020201406743,-0.694869591186782,-0.825738699872955,0.80437497509691,0.0903743261425661,1.11145513320813,0.502516095635117,0.306373836403589,0.725340814702016,0.165870059541162,0.761779783130429,-0.306915396674117,0.364663597844382,0.15219050739072,0.202611227215845,-0.35322939296682354,-1.1563086928681718
-1.64927881611351,1.26397355628777,-1.05082567399718,2.23799063903423,-2.52788923751396,-0.889939993137591,-2.35525367110661,0.85465864123984,-1.28124261677782,-2.70501138232752,1.17447506014201,-4.38191956749248,-1.22666589816604,-2.95382425341893,1.99416119386347,-3.30425391022094,-5.58579436647491,-1.64370403169872,2.11863332532912,0.0874063699474628,0.679176431149171,0.731907051356776,0.333045475501739,0.392505235969248,-0.274197297543759,0.802348667525187,0.390808552793314,0.11214553148245,0.09635539954149956,-0.8652039552278282
1.70785693746472,0.0248807914815549,-0.488140038578959,3.78754815533943,1.13945148482475,2.91467262159314,-0.743357877946301,0.699135879021363,1.0084706473096,0.912806096143303,0.7653541419638,-2.04386838674929,1.00154733873148,1.32288725448265,-2.72007696175136,-0.153429555378718,0.752610596119435,-0.755785824269169,-1.91256263382671,-0.368014254987192,0.0108651916304298,0.548257831746395,0.0912182952145324,-1.00795946020642,-0.0821828177765288,0.179709188704528,0.0077377190320074,-0.0688413102470406,-0.21825400305947817,-0.003976990527685578
-2.33595260548483,1.51313096310724,0.335129474509802,0.0823732261955851,-1.03627440682981,-0.932551773254992,-0.517871296754942,1.19874583725508,-0.783667867551192,-0.339545747015495,0.998132043974235,0.907776645092732,-0.384916272014117,1.23811269269091,0.146606614242438,0.721855532803278,-0.0819763158534377,0.218823465264055,0.273370638169408,-0.53700499610472,-0.0554460818801251,-0.488737784217451,0.418058936537614,0.503961755355951,-0.171233586985237,0.0162797218528603,-0.547814851994215,-0.15961821076055,-0.3171266746355638,-0.7808880286138282
-0.88525408859895,1.79064923163963,-0.945148961205205,3.85343274655953,-1.54351007486649,0.188582114329739,-2.98838275644296,1.34405855095688,-2.29453470924744,-1.88617599041763,1.90428359307622,-4.00241403073237,-0.936955588407958,-2.80191542309724,0.798328052783254,-2.34873992555213,-6.42673430721498,-0.827308425201024,1.73238175785046,0.370040520565647,0.746159905151139,0.550802011985416,-0.0348823420887786,-0.56760840448119,-0.528317952733951,0.258782456503747,0.506892694941992,0.176735548819463,-0.3229638804787132,-0.28305765371833036
0.378274504006009,3.91479678866992,-5.72687201536627,6.09414095882864,1.69887526405022,-2.8073139468834,-0.591118212837213,-0.123495593086659,-2.53071281390832,-5.15309460989926,4.65408842254301,-7.83953899762349,1.37181858033581,-9.63468971263612,-0.739596855842826,-0.663203945673478,0.891934540534899,0.978675639075006,-2.00547660274646,0.440439440893876,0.149895683076911,-0.601967245529085,-0.613724335539499,-0.403113687819411,1.568445255978,0.52188393400233,0.527937749881352,0.411910405834512,-0.3492313067728856,-1.7630085334465817
0.996977534767326,0.513824001788937,0.595974695071957,2.90362123030158,0.107496121871394,-0.162092584461256,0.328764996968582,-0.210315431960709,0.434881562808988,0.152359124451568,0.841047006960268,-1.75927825862103,2.44904953571225,1.50084442375783,-1.06204233463178,-0.329010428407184,0.81067226964953,-0.957019209164305,-1.42384172290097,-0.0512911107524761,-0.0986918683359875,-0.0241792150630706,-0.102201267714738,0.37901818874401,0.592869160360129,0.0480113083257945,-0.0375428164692089,0.0208717994450164,-0.05001453601856899,-1.6775133631037147
1.95485173775774,1.63005630331209,-4.33719968092597,2.37836729179698,2.11334786136033,-1.58385066673113,0.65374545254113,-0.192892012453504,1.21760825458778,-2.8290982053899,3.50456779253823,-3.9181998797616,-1.01579192974001,-4.7045087050312,-0.968553075532043,1.85477191713001,6.02439676670687,3.53125033477791,-1.1962847755939,-0.230640095367639,-0.474437304644058,-0.974624666273666,-0.0481545042172499,-0.0235242678879109,0.362192024107476,-0.570709266940076,0.0256187202949634,0.0818803891570235,-0.3492313067728856,-0.06927761201370304
2.06657913519816,-1.01721381658162,-0.709068897313079,-0.821793646627933,-0.741669387573849,-0.25944823486829,-0.737875845222918,-0.126693855971772,-0.0385331223108872,0.574899273663895,-0.846267893370637,0.312723651754271,1.42144065945247,-0.783788779583016,-0.539520826707832,0.950520073991444,0.212851557007423,-1.90188931521034,0.974317544004998,0.186013589176212,-0.180883491213305,-0.550211338037611,0.369332221505481,0.577146149149164,-0.413313419597223,-0.606733159669516,0.0008317969759512,-0.0249793823861941,-0.0726437038762578,0.8823299613346134
-4.39797444171999,1.35836702839758,-2.5928442182573,2.67978696694832,-1.12813094208956,-1.70653638774951,-3.49619729302467,-0.248777743025673,-0.24776789948008,-4.80163740602813,4.89584422347523,-10.9128193194019,0.184371685834387,-6.77109672468083,-0.0073261825777121,-7.35808322132346,-12.5984185405511,-5.13154862842983,0.308333945758691,-0.17160787864796,0.573574068424352,0.176967718048195,-0.436206883597401,-0.0535018648884285,0.252405261951833,-0.657487754764504,-0.827135714578603,0.849573379985768,-0.11734230752448417,-1.8494723682810184
1.99500971368757,0.174875155709642,-2.2803273057331,0.932766670486337,0.296248193623212,-1.40736206774998,0.190661742193591,-0.26365251621885,0.908343421015578,-1.0334104477762,-0.630809144697203,-0.784031383806538,-1.4066080830572,-2.40729075444974,-0.251389803604049,0.436260844723723,2.05338383185331,0.817388077101189,-0.216319791234783,-0.178774709026049,-0.0285655349597508,0.150022934297195,-0.0673922418933912,-0.279575506131522,0.177167726028213,0.735288858583553,-0.0484046995939823,-0.0123690011877063,-0.2350459650740176,0.7314499378108098
1.29623080363477,0.417447287721689,0.193963067987499,0.901644194576026,0.13053136701763,-0.371634020776762,0.158125823740231,-0.202668656827626,-0.0795117562857989,-0.0450882478448673,-0.876737591678351,0.687487636238951,1.5747177026257,-0.0077912302905812,0.948315691837591,0.37715383740261,-0.868182736046053,-0.0671351121445059,-0.0644929660672327,-0.0295593500917474,-0.112113509551068,-0.2200020323662,-0.121021883862135,-0.440454448442227,0.671540040565908,-0.413518433654353,0.0328380408333744,0.0206001971066775,-0.34851165125797673,-0.8789126635759087
-1.02063166582361,1.49695912243222,-4.49093711758335,1.83672705849852,0.627318467501556,-2.73556861001066,-1.54627364241291,0.459821576439238,-0.68274140597399,-4.36310219273296,4.28702087961434,-5.40376835689762,1.26026230900043,-3.08774290682652,-1.31748806297981,-3.53705628406879,-3.17202752176385,-0.52988508450368,1.01162645030639,0.443488532055906,0.773630966413973,0.86061818130652,-0.304666447555476,-0.155499583027691,0.41216629075428,-0.220079647308722,0.392337584118175,-0.0200894870934853,-0.265111573252431,0.15802161672543677
-0.6808790025117,-0.529017242926608,0.934598539513619,-0.798992792165828,-1.45645400311041,-0.627855325654286,1.53300443339302,-0.353708043501209,-1.58062712881774,-0.110713203388509,-0.562782672027092,-0.174587024862328,0.355605335597887,-0.0896721563735329,-0.293360491338987,-1.94766484581335,0.412761201498559,0.748429234920377,-0.499659891728905,0.237669869662016,-0.16442933625008,-0.433603426642225,0.597889987213598,0.723515034953243,0.0602091233715808,1.0198010806883,-0.121183985316028,0.0643074298395735,0.8989712029745441,-0.2702333781669003
-3.61385045502803,-0.922135693038651,-4.74988736419275,3.37300132781874,-0.545207025424103,-1.17130106266974,-4.17231457141019,1.51701594293521,-1.77583268078792,-3.75405392305562,2.73157578227581,-3.48937464729063,1.54738008909916,-4.57126773103714,-0.517958568740869,-4.23908653141223,-9.25063451000699,-2.4348278029986,1.98738627690236,-0.320540972806239,0.7867870185412,0.893064859228385,1.03490656705841,0.097671080445461,-1.34555112500186,-0.788328913242689,1.05544197476733,0.0999714026087802,0.22569348791539245,1.0113308021031857
-0.522358650740273,1.58724810168511,1.33392889476007,2.81975381475304,-0.319308082548525,-0.070998994024521,0.0603483568807694,0.54481410422246,-1.8058397349885,0.885665966520303,1.28629592321999,0.707991990752255,0.507790592195789,0.681598332435205,0.437798662486404,0.240008549910459,-0.076002857701279,0.463750497623547,0.892509442244795,0.177919319778446,0.0978095943493861,0.242098679272593,0.0372210945781734,0.529274502656609,-0.381175844218524,0.0912011650786743,0.215929112236051,0.0645367148297011,-0.3217644546205318,-0.18343261655278745
-1.55027271502021,1.08868850191044,-2.39338766218981,1.00873271714408,-1.0875618874048,-1.10460238189499,-2.67050327670088,0.147654676391109,-0.978625549290056,-3.51413330486723,3.58604242366444,-4.05335784837839,0.862426024955809,-5.76582302154173,-0.507511029549388,-4.92186514350783,-9.56726769048681,-2.77297411117016,1.71709526842855,0.327490457262181,0.802316031461701,1.03710478869922,0.0958154204904633,-0.320190913384423,-0.0807306312824349,0.0910116872058309,0.0249284934943241,-0.0778199786198624,-0.28502204249824203,0.43962923076365396
2.06232871033677,-0.0980685899446144,-1.65440794925527,0.629150766029245,0.0852602798805755,-1.36821471518955,0.440840545610249,-0.376099746814331,0.581653533413777,0.172539722936258,-1.21147906273319,-0.456589402173164,-1.596927371165,0.717350208178316,-0.294340160996881,-0.491678376738746,-0.030552637935043,-0.601908347439302,0.170495646508723,-0.31806888417499,-0.0422756304426236,2.49226717513595e-06,0.0692789386122657,-0.0126792575352883,0.171981941799488,0.385100959047641,-0.0947529067744245,-0.0757800788822611,-0.2883804349011499,0.4729218081804207
-1.57230405156516,-0.0059504726258598,3.81287117747623,0.590340986095704,0.168487195160395,0.772528414457207,0.370219190148394,-0.542955202594253,1.91280767659076,0.318064133271418,-0.565693094907185,0.856182752023633,0.520526222979967,-2.4227291685397,-1.8463162814938,-1.15451358861567,-0.0168650363465429,-0.98526584297292,-0.772350649051365,-0.0515348805629448,-0.236877208940035,0.685855453033826,-0.682268640454788,0.485338260842586,0.370314098098306,-0.437688635341199,-0.692074529625196,-0.716379580895939,-0.21169714170141993,-0.4197446366482689
-0.208111619509777,0.553124370837521,1.05345486336343,-2.10039751160661,-0.0216531827396681,-1.03948259857019,0.735293702514654,-0.247598179849783,0.48897485369582,-1.48640242862377,-0.531109117861896,0.642819968301078,1.04096535618145,-0.0127326770571123,1.37883579835092,-0.476772311790172,-0.361037167931574,0.0330565781669686,1.05163648012471,0.0747865902469608,0.0126397580925778,0.1538127163172,-0.260637493920026,-0.0491202402642184,0.14998153843037,-0.0053171964350527,0.0512505025591735,0.0509609757067986,-0.303453219852296,-0.7612831016214122
-0.799435243942108,-0.956374282154576,0.860542620620743,1.42966673326694,1.06357286574577,-0.387105937802686,-1.15899359225803,0.10144355748275,0.423112231963556,0.43951755650329,-1.03339664857262,-0.0787531651607224,0.385955643505376,-0.151860665397616,1.63342064216909,-0.826659456227496,0.44755275552174,0.463235162441569,2.45643217785214,0.0102606156135823,0.294564645219218,1.24079387121636,-0.146206741879553,0.746492451794923,-1.42790820850557,0.874465975467811,0.371643825280605,0.202641847096582,-0.2132963761789951,0.4584339566543388
-0.264868683737295,3.38613996883911,-3.4549969895002,4.36762905773351,3.33606042827178,-2.05391842272465,0.256890458421417,-2.95723544083265,-2.8557972336327,-2.8084555425423,1.84750351109611,-2.4148223375383,-2.57322454244165,-6.5991261303635,0.123470382678038,2.57237180761341,6.60936580903842,2.53066979960508,-3.60265725092653,0.482513022122587,-1.39450379366468,-0.166029306744804,-1.45208118338289,-0.251814670710545,1.24346054282121,0.45278677690471,0.13221807596169,0.42459946550375,-0.3492313067728856,-0.7738125662406254
1.91563106444503,0.0219168234289013,-2.23454148997096,1.15218705929868,0.85334381699286,-0.948099955930119,0.930405711429551,-0.488347461859147,-0.105678143283227,0.322009572011216,-1.39409799940379,-0.0883865199314464,-0.0200964637976508,0.804770759737291,0.301764164590095,-0.234373640598557,-0.652419971843286,-0.236900945282741,-0.201956210067321,-0.0611949604509567,0.139201645401058,0.292731256104925,-0.191381935964935,-0.771461666893379,0.520445207636657,-0.444923557135403,-0.0496910901233723,-0.0537503900826227,0.07832403080683936,1.0885291504965235
-4.32060921481281,3.19993870654465,-5.79973605389345,6.50233023566696,0.378479252807864,-1.94824637096657,-2.16785950480668,-0.728206711605414,-1.97723831745674,-3.47341070390428,4.56919375212135,-9.32115263136084,-1.59251765115386,-14.2668362798028,0.467776602458787,-4.06620855488173,-6.62696817708246,-1.43715841938037,-0.215409738450978,-0.263686068021973,0.47666042483552,0.434278328284482,-0.13693991841301,-0.620071695417129,0.642530576414265,0.28071734804164,-2.64910674899003,0.533640939848599,-0.3492313067728856,1.204979468722153
-0.0144482955200306,0.762970503686503,0.337077371335368,-0.682339011661789,0.40593865956745,-0.784131677077997,0.846172939541989,-0.0032905413739802,-0.214739643972213,-0.230484135470423,0.78998858141737,0.538450331208452,-0.725597900233464,0.445493398581159,-0.993112359871014,0.0492671019905042,-0.535993727091887,-0.292368701610883,0.106585915507506,-0.0791517134981837,-0.205168118035915,-0.471667960565651,0.0794727323782151,-0.0061374882198675,-0.5674730864322,0.122890737279009,0.242847824320947,0.0861553960246119,-0.346112799541614,0.4700789884769017
-0.27382753487505,0.995413133399685,0.0249633021021354,0.157508375238873,1.32122063183579,-0.55151738288218,1.36179969800674,-0.111396514824757,-0.769604015714943,-0.321598427163105,0.0405459294920419,0.0415053225705712,-1.29262705611726,0.810350600737243,-1.5390326235568,-0.45218640990712,-0.529743875434154,0.220466043416039,0.108382566703047,-0.257556968091235,0.172199056776703,0.56578685905302,-0.387530255995084,-0.412314847150874,0.14932789738293,-0.550155871202101,0.14561958299561,0.149732114879199,-0.3492313067728856,0.6384160307726849
-10.2213733873425,7.9851643374154,-6.24484019794684,-0.543100109117447,-4.94942413718692,1.53647435145567,-7.02189767459752,4.09450263586039,0.592315672199668,1.03604575482589,-0.738487830963961,3.38851677594291,-0.719264650014197,4.19740119315011,-0.56967729489744,0.19891966288595,3.57874520868789,-1.22857790454509,-1.57400601602117,0.932708039576452,-0.228171857824217,0.348132658723615,1.28650952508844,-1.44373129184945,0.713156482308667,0.600946262319925,0.305633146381641,0.312032082679501,-0.3492313067728856,-1.0280448794301413
1.1939160689293,-0.571085006532232,0.742522413618004,-0.0145876823031251,-0.624560898094263,0.832161659907577,-0.833350424512102,0.272896998506182,1.16942539891152,-0.371671945168217,-0.245676823310174,1.37594135044076,0.870456831276252,-0.819319364809584,-1.55090356200859,0.125852995600752,-0.397245548944671,0.272377065433488,1.22602219788409,0.062908129152134,-0.0495024276847497,0.207265101065706,-0.265271877292053,-0.67929377017329,0.511811527633814,1.24660443744052,-0.0286711040907993,-0.0061120075977227,-0.2256504625182634,-0.6202792443268708
0.351848628910986,0.957609259028289,-0.401357163746951,0.732849993538087,0.881800111256265,-0.991746281877022,1.28537093358389,-0.281990202532163,-0.307179061155631,-0.184875612004645,-1.39682229610162,-0.585907708790346,-1.34887595602535,0.655227794139252,-0.616793696420557,-0.8287080537596,-0.0534824991031532,-0.317128088168778,0.0593358765083087,-0.305579267601708,0.134175628589453,0.551463039910793,-0.17867752039166,-0.106952707379222,-0.187692869133345,-0.535176415173081,0.107083295625459,0.0655132805447216,-0.3492313067728856,-0.10846640807480544
2.10682760226304,-1.29335495150506,0.372176142594993,-0.494661484016062,-1.81022872879841,-0.149547264720626,-1.63127238037753,0.138866798113921,1.05169272548912,0.511365153396585,-1.36067722176922,-0.241394525336709,-0.0709958500381958,-1.18195906629162,-1.01904046954587,0.905576822810203,0.509018834357109,-1.2817019861505,0.812795468399256,-0.0792191680063555,0.13300077789544,0.699277721663872,0.239845691179029,0.0508608095708949,-0.346420861371575,-0.189660744075698,0.0614052501390305,-0.0378681857163384,-0.3404355171462221,1.2395776374101652
-3.85988078691481,2.63288131193679,-5.2642653095088,3.44611314661501,-0.675231056544998,-1.90495945391597,-3.2910408690196,-0.985766040904484,-1.16811416733417,-3.93629417027159,4.25656448730292,-6.60065448140166,0.0056263764660214,-9.9585309187018,2.47135790380837,-5.7001414199952,-6.38809273753128,-1.83815930102503,2.99317350708135,-0.178626358366056,1.66411901528299,0.785075271950043,0.0684124857414983,0.778960915978384,-0.863165919910699,-0.0068096144164965,-1.06573404007904,1.77332644564776,-0.34851165125797673,-0.12933481049100773
0.0073790751145725,2.36518252886777,-2.60028738169342,1.11160176466249,3.2764413263667,-1.7761407852846,2.11453088108345,-0.830084106599812,0.900489974281822,-3.37617706712688,2.05681205985716,-3.9842567303491,1.02196791340796,-5.96790496861639,-1.15160831490592,1.67973960141233,5.58611468683053,2.78913115591619,-2.24107485298106,-0.0063884972816308,-0.563944162060269,-0.902099515410175,-0.404382448597275,-0.0129439005065412,0.589836154947909,-0.734449052212668,-0.447529183217452,-0.362374775122343,-0.3492313067728856,-0.06974088633575799
1.15505450160737,0.320358255107049,0.907229475093855,1.12524147392492,-0.453854779508077,-0.462009737743495,-0.0953585375481502,-0.0394213526179895,0.0289936042689568,-0.105399054465607,0.33144669649016,0.943492210236544,0.908262355625685,0.0963732900077923,1.29752239223408,-0.0569315266745085,-0.203069675581771,-0.860107257457721,-0.854073353838281,-0.126614172100408,-0.135369901835435,-0.306916839415564,0.175773616887344,0.374716066743539,0.214360399346967,-0.615876072693636,0.060822023584271,0.0355871228677906,-0.352749622623551,-0.6926763861098207
-1.14155893716424,1.92765003845063,-3.9053561494007,-0.0739425941379643,-0.0448578188133647,-1.75699895886989,-1.21741649894761,0.364563278725543,-2.77014774706035,-3.21618771830464,1.28674925677162,-3.27270458494442,1.04221562276303,-5.74894325155799,-0.668136526600605,-3.86597568295345,-2.70505213033344,-0.103907181377394,-0.716811424575637,-0.250582939794953,0.102081332026183,-0.531495912348873,-0.328740974448816,0.393099609976725,0.568434632400261,0.786604529169779,-0.146101643769467,0.0762114890570611,-0.25327723811837466,0.6613270517906749
-0.654025932223422,-0.108167437250687,1.51385733941664,-0.60450847994555,-0.189813526461514,0.721450814387149,0.538160462162525,0.0999436111741247,0.422535617487966,-1.0685222373126,-1.99984282866153,0.505322054611793,1.57902492321263,-0.981481182078328,-0.585852802351485,0.119889635240283,-0.437726798707808,-0.102457661423218,1.13373811795295,0.484241801377333,-0.103065010015059,-0.296238672518444,0.139516250996495,-0.913778411794703,-0.231668800129767,0.947120531125965,0.0322809981885632,0.131850539920831,0.2767490486119801,-0.2672431529972729
-0.798770947475849,0.518009627851326,0.0181047633222575,-2.16713671904289,2.37820938691969,4.05385310371476,-0.119607126467752,0.842876874618901,1.08085195834127,-0.0703797702616474,-0.291338619728112,-0.0723977356999433,-0.257647862117585,-0.550813299331083,0.552269938032297,-0.187087566070729,-0.798154119171059,0.146939144035538,-0.429410236676955,0.139686945509012,0.213889437882246,1.03350246580105,-0.294281512801089,0.748452457765687,-0.282459908407333,0.0465310147604434,-0.597628009229893,-0.513123388114079,-0.3453531631647658,0.3562819686412234
-12.8336314219519,7.50878980635543,-20.4919522106577,7.46577999198461,-11.5753037055975,-5.14099947650773,-14.0205637048257,8.33212047126021,-4.33771253089739,-15.5637913387301,7.61081978841573,-15.5923232225286,0.504789055226229,-13.2478885958622,-0.796526030140245,-10.3423283585648,-16.0445243414767,-5.8821359384126,1.57369789640089,-1.37892322363159,2.96684240389381,0.615344322057327,-0.766494757432984,0.431261005079751,-0.104974994617143,-0.0100913270781415,-2.4008113496639,-0.720556600051925,0.06269151378854197,-0.019686201630094165
-3.55217282034342,5.42646054559111,-3.73181031980956,6.67906180701896,-2.18754337884152,2.43394023761172,-8.74811035885579,-12.1082840970182,-2.8563585144669,-5.66586179854092,2.54083553206878,-6.14705358343033,1.79689064160126,-4.32898899462283,-0.150037374792615,-1.83900466547168,-3.35463814070962,-0.282307261175205,0.148592393859995,3.79266672675409,-5.68899027177143,2.51097955615894,0.953932861684676,-0.542506228224687,-0.620152015985956,0.406012866709306,0.0230251633862463,0.164740605977244,-0.21893367771244762,0.031105510406111616
-0.629061472673564,0.554727767598196,-3.35247448371446,0.605033923993735,3.6136421533099,2.92226935761104,0.380012131043215,1.23242445249297,-0.822058260072858,-1.10777122973017,0.25957084825017,-0.313452362720313,-0.456504068599187,-1.46093490435778,0.32022486095044,-0.192415590482897,2.07380903032339,0.714981317596941,0.138852857903391,0.467702686427022,0.0830716152353851,-0.0799887190211223,0.0922878310908548,0.490457611920691,0.325079385562705,-0.354671594257915,0.162427150145163,-0.0975136736079767,0.09087802145580455,0.8562391938334281
-1.98905512275912,0.962127696030607,1.55448776590524,4.43156096984475,0.0396642739419726,3.21595320959095,-1.04487878529007,1.72707787209696,-1.64698690675312,0.831818408541286,-0.137515788681171,0.0902288308318875,-0.638801498239491,0.495768089565656,-0.0106497812460276,-0.446608666957942,1.20508596504706,-0.505896894855113,1.07681768344247,-0.244192876172137,-0.0707031819198696,-0.206242249604137,-0.0197354109739758,-1.66443258715181,-0.201998289775541,0.367921811954601,-0.184455949455884,-0.286545804605122,-0.18898801211985236,1.4466823172924554
-0.715413746430203,0.608590312773943,1.15550089022062,-0.267565092666965,-0.563747540811752,-0.618897959603515,0.698307698659261,0.0698369023541396,-0.133341030527008,-1.02533539256113,1.50062918076179,-0.417898026653376,-1.59029515148629,-1.07499904137371,0.288234297659522,1.37776850908719,0.22388685433899,1.31107267514226,-0.896071786353489,-0.186977992930248,0.130748607589043,0.239389294462508,-0.0902274074581911,0.411572390517299,-0.216125965872995,0.353896329216255,-0.0623612631790606,0.0084330017316634,0.1625237260511727,-0.37187997601050116
1.87823003111341,1.32562957435462,-2.33346899289515,4.23315121365749,1.35518399558821,-0.853508247169998,0.716025067921391,-0.164909788991874,-1.50234450491057,0.259411077154011,1.45123754814542,-0.280523276849375,-0.756794072389194,-2.75755676655084,-1.70628501758252,1.58746039125258,1.92934969114042,1.18943290293776,-1.53016232603362,-0.226108020608619,-0.152130790009807,-0.360735866229707,0.0434144058266633,-0.242379535720923,0.171097766325585,-0.0026009879775509,-0.0266665673926497,0.0052376673818857,-0.3250029044376216,1.2789348968611058
-0.717754322076026,1.03308284413403,-0.146103978028174,-1.06461994581024,1.13347703782477,0.989542967518492,0.41062627526777,0.830523624023675,-0.577076938205521,-0.683516929877254,0.635553556368951,0.913711296500347,-0.0714233718288379,0.731321564951898,-0.331555312205699,-0.522864725660955,0.135514671076653,-1.30605711266284,-0.529062651986882,-0.194686287200661,-0.0992675019251475,-0.163938699176303,0.0509136158028839,-1.63461992520921,-0.74524384548387,0.249702012520528,0.274035247408529,0.147029329185777,-0.349271287634825,1.467529661784928
-0.687832626509025,0.612403374558769,1.42942434715058,-2.46468998707876,-0.426780860955362,-1.23739154164876,0.310511302351199,-0.105043457480692,2.29997255908663,-1.47925373583626,2.43212517023511,-1.68275597662771,0.838348123236065,1.73451362431019,-0.254278956145486,-0.0063445107445022,0.0451974959716134,0.710454677782063,-0.0575037865862982,-0.114964800890755,-0.113688767396316,-0.102626564694803,-0.079244150008935,0.465200984712076,-0.116209553091349,-0.414760171657749,-0.0357056026167162,0.0880933641535845,-0.33759687594852616,-1.5083550617824704
1.9919760961759,0.158475887304227,-2.58344064503516,0.408669992998441,1.15114706077937,-0.0966947441848027,0.223050267455537,-0.0683838777747007,0.577829383844873,-0.888721675865145,0.491140241656789,0.728903319843614,0.380428045513993,-1.94888334870021,-0.832498136300872,0.519435549203291,0.903562376617253,1.19731471799372,0.593508846946918,-0.0176522567052908,-0.164350327825504,-0.295135166851559,-0.0721725311018398,-0.450261313423321,0.313266608995469,-0.289616585696882,0.002987582243429,-0.0153088128485981,-0.1831907871386423,1.5905921680617052
-0.967767136663499,2.09801863238761,-5.22292946625656,6.5145732431847,-4.18767406818961,2.11417834963073,0.948701404286247,-2.44842689476182,-3.20366608262076,-3.07403431268054,1.05148630261883,-3.47486296690245,0.573371300323787,-5.25425346321937,-0.32638832674693,-1.84859811431832,-2.42153561881163,-0.833344853245289,0.952141057235768,1.14720392040776,-0.843268389452352,0.796738518044592,1.31431234652212,-0.352886653077338,-1.77070558031979,0.0981333585610556,0.95676878112918,0.162777346229732,3.346239743145906,0.8413722996802103
-0.0676716213886392,4.25118050159519,-6.54038835224963,7.28365703710757,0.513540870943284,-2.63506638788364,-1.86591081008961,0.780271626602801,-3.86824834701295,-4.85148719411703,3.87116530391397,-6.88763735718558,-1.7905001483675,-11.2723158701978,1.30136314876439,-1.68983647758912,-0.0529325394075147,0.778734824784494,0.242162496030838,0.519403972453402,0.415436545379518,-0.469937601482284,0.0071280404084919,-0.388147290740708,-0.493397940502339,0.466467724945289,0.566369687106408,0.262990466192685,-0.35015086659749134,1.0816432094368886
-0.675097090853567,1.04523012753401,-0.33518380814608,-0.740366047227081,0.27622009642596,-0.702014075095948,0.571412124284467,0.38120721870312,-0.274072616866697,-0.170296433948226,0.385622808435353,0.960904784205051,0.1805591211725,0.515193020842677,-1.10582556877389,0.303610364832629,-0.62518997202174,-0.136540436543048,0.287270792261525,0.0418017696776617,-0.210177916687666,-0.553274708853237,0.0950023442229743,-0.341752437904191,-0.393311600839695,0.146214689476069,0.229448351851428,0.0766846891559042,-0.24532104659243817,1.259393143639879
1.07821534183384,-1.2369914302022,1.1738074338402,-0.465370637281256,-1.68890803798309,0.263508294324584,-1.29637198652391,0.355662884667441,-0.088643770178894,0.563635406844222,1.24408212771633,-0.136896369886497,-1.15738841545652,-0.3183022790162,-0.405192142979652,0.931343571087529,0.64430816066886,-1.15300028489603,0.515084390542603,0.135381906014539,0.249614590508851,0.572631396958889,-0.0331737373164749,0.227686820802056,0.157289229858364,-0.201994698600813,0.0425890041370542,0.0282777033463344,0.03258592474818916,-1.0971991009587068
1.3659998248319,-1.17598171392574,0.652307430841905,-1.2835013767976,-1.74242971681181,-0.883143266775283,-0.948546678843204,-0.224120440846688,-1.82353754678468,1.36653752301029,-0.344277548399789,-0.573714675645852,1.04530803582737,-0.464523327627731,0.708037416092748,-0.201973309567526,0.397655640157152,-0.130322835695456,-0.264012709518546,-0.147622462519279,-0.320393683250967,-0.706785657779596,0.110147287035467,0.339001241795016,0.12274185770261,-0.418725330031416,0.0330056474434859,0.0431366221592002,-0.017390152676035286,-0.3968967894014682
-1.34650881762975,2.13243062687771,-1.85435531823997,2.11699770636107,-1.07037837875552,-1.09267135682306,-2.23098606430574,1.03642490791919,-1.89551573571367,-3.36401057980002,2.88704787664695,-3.78445965821089,-1.28890425847532,-3.98562600822203,0.531838297985603,-2.60370264991872,-5.15759639749234,-0.696010004579956,1.28596139472532,0.221918669151309,0.609508181503446,0.202874284952422,-0.0607913872259794,-0.186733353366053,-0.0174012274970924,-0.283751034119116,0.395451049081013,0.233138575967241,-0.3492313067728856,-1.024780901252027
-1.55686168497782,-0.972670441572252,0.930345887030263,-2.38353419121605,-0.759281362914354,-0.968230215904415,-0.513738951586381,0.600732550211013,0.254303113008311,-1.04461938268833,-1.03818153923585,-0.133755985460292,-1.01162275497154,0.343430836762351,0.624079532805515,-2.190009849335,0.471685805222518,1.25949779073062,-1.0760747116222,-0.216502905969841,-0.113751057803933,-0.155747674935673,0.1472661964837,0.0153277440801845,-0.114759664603329,-0.849557151511434,0.324615623426455,0.0192258080001988,0.008517445860682682,-0.9383170664175905
-24.5902447690465,14.0445667815106,-26.2787005866145,6.32008926518927,-18.2245126736673,-4.60996782569686,-17.6810033715155,16.2136267471409,-3.79409346877414,-8.37275316035861,4.90168265513877,-6.87283866404082,0.769776762734501,-6.82658448658054,-0.0544341798176028,-6.08495266503583,-12.375270529796,-4.81034474126699,0.936742237936608,1.64920202229571,1.77706277243531,-1.80487368611576,-1.14060456917063,0.152234466415679,1.71599702403257,-0.22047119903665,1.43495058143483,0.422491857762666,0.046539245565032604,-1.42408125101593
-0.613695895305449,3.69877241384725,-5.53494116176501,5.62048638535855,1.64926285038792,-2.33514498091385,-0.907188472777421,0.706362095310651,-3.74764612466131,-4.23098383571181,4.43631907416962,-4.50380121641622,-0.954361345864011,-9.86137210765166,-0.505329037399437,0.269281953090911,0.591319064375358,1.79599192045908,-1.08520791024384,0.354772932978025,0.319260753518317,-0.471378905146116,-0.075890410682347,-0.667909264857987,-0.642848415713801,0.0706001067101182,0.488409527815439,0.292344974289491,-0.35322939296682354,1.2437049904612003
-0.368788624575422,0.908221481706652,1.19710140419571,-0.603041759932454,-0.0140354730471232,-0.935920663251105,0.939490503890019,-0.165824137083356,-0.871074541911245,-0.305696238580071,1.62867211466845,0.840584838150442,0.0776814655978764,0.433710312070279,-0.0922936744502997,0.148347248449751,-0.388483871340776,-0.452646657974821,0.633254860341709,-0.0235321111591257,-0.29074676070788,-0.996462561359593,0.0866261123121051,0.555850815157249,-0.396347211567087,0.538752444154677,-0.201994333219631,-0.0074628238874443,-0.25331721898031406,-1.0344254303202618
-0.0809998029304898,1.03373334441038,-2.17879179911777,-0.330958294285491,0.739778512345749,-1.55709766644326,1.85153456444324,-0.154002370347432,-0.742919860859775,-0.31267661560203,-1.01042498012848,0.0181462221415116,-0.376887251187595,1.13011519837012,-0.965919170829958,-0.784514534059883,-0.0380784328961622,-0.497909873717904,-0.430749130448558,-0.006562426409078,0.591760488627874,1.65840867690588,0.316699068743108,1.22485055796183,-1.1304069174698,0.327944268274989,0.335131051501669,0.339478873420059,0.12074372532452107,0.95137889324453
-1.22966891678814,1.95609915073809,-0.851197959645561,2.79698655025108,-1.91397684079333,-0.0449344462262948,-1.34073935355915,-0.5555479867039,-1.18446766006311,-3.24510859732028,2.33832327000211,-2.82004218823068,0.763325773164453,-5.41958986916794,0.0414327925041231,-4.18075778829053,-4.2850705920981,-2.53645157282245,0.93023918577297,0.270459255150975,1.20805425987967,0.277611797272191,0.0192658003152734,0.508528831195383,-0.201182897226566,-0.249600419347595,0.562238742839488,0.0753085014191344,0.3301234993010518,-0.8152756180645431
-1.41085190223088,2.26827061391536,-2.29755364869312,1.87133052690782,0.248957097554545,-1.20879869131782,-1.35864849113679,1.10291613180529,-1.31736377078276,-4.62691916410905,3.35763973653551,-2.99881490434833,-1.95678634545881,-6.76663337149207,-0.869899592420961,-0.868576751992314,-0.370333268936992,0.419265507331837,-0.894893657235367,0.0580625903425241,0.155380926745126,-0.614880421672272,-0.196125537805858,-0.464375543427361,0.118473100986687,-0.484537034984231,0.373595915880442,0.187657248903867,-0.3492313067728856,-0.3712903541460676
-2.58961719821269,7.01671438495857,-13.7054072869097,10.3432280604117,-2.95446103475574,-3.05511578527804,-9.3012886151434,3.34957336071614,-5.65421202641103,-11.853866972601,11.6692047358121,-17.2286622386187,0.0555715664836118,-18.4937733551053,-0.304172113519045,-10.6294973901353,-14.4412111342765,-5.10548646597228,1.2702262705049,1.48885519236896,1.88773772551451,0.333998184533223,0.28765904061745,-1.18640640906644,-0.690272670076388,0.631703772210546,1.93422076005943,0.789687172212655,-0.3492313067728856,-1.7313163582332776
-5.45436177939673,8.28742055534983,-12.7528112729386,8.59434189301081,-3.10600228114338,-3.17994875686414,-9.25279393795831,4.24506220985367,-6.32980084623466,-13.1366983691039,11.228470279576,-17.1313009454468,-0.169401056814124,-18.0499976898594,-1.36623566099065,-9.7235653091894,-14.7449024646768,-5.24730110631125,-0.574675143795817,1.30586191483437,1.84616479291417,-0.267171794223081,-0.310803969751621,-1.20168545799806,1.35217609502433,0.608424596360403,1.57471478384204,0.808725205090233,-0.3492313067728856,-1.7160283056054644
0.996390230403499,0.133728064924309,1.33076538920423,2.71533496525316,-0.477352539815147,0.787500324152871,-0.543709301421549,0.359884248315466,0.0069958229338918,0.433891408373738,-0.285408498829926,0.269379503147273,-0.339401475142764,-0.202706770060235,0.0832689262583465,-0.228394538733055,0.343600792319034,-1.12103781052237,-1.71789551351644,-0.221691058383685,0.152209783344142,0.641388403732073,-0.0029603525903278,0.110911094750897,0.327502912865793,0.1879861735056,0.059053524213848,0.0267214815468544,-0.277745525625275,-0.25631409058152216
1.99901720264709,-0.113339280163373,-1.0105965977386,0.32715376817523,-0.128681008148817,-0.937263758188597,0.100732452610559,-0.201989651914871,0.257967160334866,0.23544364715544,1.05977203950194,1.21679046387795,0.0742456428053987,0.457354675489417,-0.678417913826884,0.0598275468719184,-0.510997118115687,-0.416684777872386,0.397472646665093,-0.19465516668316,-0.225814354178026,-0.564250730705517,0.331635593586131,0.0808401206551365,-0.339858169251494,0.171557353490767,-0.0750699791638581,-0.0676804761053855,-0.3172865980833214,1.5246598088637946
0.0450806222134943,0.780145582548418,-0.432592221184067,-0.376429494677058,0.923033691919778,-1.38510263387271,1.52645340297381,-0.384674450281456,-0.44779140145922,-0.50290304626695,-1.19496738879462,-0.650069582646517,-1.32918572738014,0.710101507212616,-0.621549852035966,-0.65758610016043,-0.0965461248966293,-0.546234507066927,-0.173913729094828,-0.222780464770221,0.190323834802933,0.587181965727596,-0.269708240028388,0.0254112170065533,0.175567881948476,0.475590412866289,-0.0308979171348723,0.0261201312559827,-0.2628326641218864,1.4192438426725649
-28.2550528932108,21.4672029942752,-26.8713387797136,11.7374361361796,-17.9996302850189,6.0659013519233,-41.5067960832574,-38.9872627434095,-13.4340663182301,-24.4031849699728,3.40932261990014,-9.60826735632918,-3.07631796817408,0.240060357919937,-2.83667693195872,-6.594756991638,-12.9575309948449,-5.61352195004329,-0.248828402209821,10.4407179813405,-21.4537362781468,8.36198519168435,4.90911112135878,0.0983279449493119,-1.50873912052995,0.0087112904784173,-5.4078236392388,-0.183811044930697,-0.35322939296682354,0.15372580028456365
0.329594333318222,3.71288929524103,-5.77593510831666,6.07826550560828,1.66735901311948,-2.42016841351562,-0.812891249491333,0.133080117970748,-2.21431131204961,-5.13445447110633,4.56072010550223,-8.87374836164535,-0.797483599628474,-9.17716637009146,-0.25702477514424,-0.871688490451564,1.31301362907797,0.773913872552923,-2.37059945059811,0.269772775978284,0.156617169389793,-0.652450440932299,-0.551572219392364,-0.716521635357197,1.41571661508922,0.555264739787582,0.530507388890912,0.404474054528712,-0.3492313067728856,-1.8377431047635362
0.340390790889508,2.01523346310003,-2.77732956104823,3.81202413104427,-0.461729071578821,-1.1520219714746,-2.00195866818811,0.548681056661142,-2.34404166261939,-3.07669858515182,3.55473755027372,-3.96968929955842,-0.932183689489454,-5.87606732124924,-0.0667394504128529,-1.49528077472825,-4.42475717388751,-0.619323237398381,-0.231198386269899,0.326772803133095,0.29976881646527,-0.583282924090166,-0.187696049565752,-0.329255753153177,0.732328138266652,0.0580797142765515,0.55314334331356,0.318832445723953,-0.34623274212743216,-0.7710329203082957
1.44504886442359,-1.11711171036939,0.58229033367946,-1.51102294855463,-1.53343518075564,-0.407259158315849,-1.17046217532181,-0.0064364951914373,-1.95776856461676,1.57876573836538,0.955266451145489,-0.335331408214778,0.365770372208463,-0.171177588224831,0.0951701744681523,0.111955076346063,0.0646677381670267,0.538645650818721,0.168049744793105,-0.272305346167861,-0.328577676042948,-0.679157627255047,0.110970095399488,-0.0579743748845487,0.132948971249114,-0.408503823199056,0.0343154265742311,0.019319875951069,-0.2236914002832338,-0.5564947933493968
-0.802335268894861,0.488220372794035,1.22060875837344,-1.70779898726069,-0.287556132083719,-0.263407299434973,0.208376141525853,-0.0768133926844442,1.42785519830873,-0.896185978492021,-1.03269130934235,1.18269342841614,1.96877197929347,-0.870588139074368,0.796305091841907,-1.00270121068205,-0.0418846747372498,0.258848420110581,1.96414004196343,0.355768424469125,0.0559588538979212,0.857790868843222,-0.224433585654848,-0.31869656440111,0.190895085260049,0.250847170301644,0.455488822916368,0.218791013446539,-0.2773457170058811,-0.5266135995768528
-23.237920244511,13.4873857909274,-25.1887729688701,6.26173255148578,-17.3451881651558,-4.53498915241687,-17.1004924771637,15.3746300252798,-3.84556677176243,-8.51176669710133,5.1385473219039,-7.22001986441493,0.615793286019405,-7.3272215995796,-0.0386320690669864,-6.33151509399145,-12.6888576275064,-4.84738160696153,1.02053587929144,1.63078748322503,1.76970812949114,-1.69197330547661,-1.04567292278161,0.143386499863412,1.61157707182701,-0.221575644736264,1.48123260638065,0.438124804842523,0.046539245565032604,-1.428840341778858
1.69167723109719,0.0186513549774702,-0.175740783982181,4.0260478867327,-0.115030689865066,0.469450665539412,-0.186164831169896,0.147970677356913,-0.486792039957638,1.43325050347551,0.0402002514034005,0.601736569130694,-0.456046816048091,-0.0614401681152646,-2.6283018863458,0.563672862153595,-0.588477809486391,0.0321949052723955,-1.03358314110594,-0.176050241630553,0.185094189061578,0.604178672950549,0.0144246945511105,0.0824624216977819,0.0254204525869517,0.10190651198796,-0.0224566255961282,-0.0433648041855527,-0.04173849759711745,1.0467291718929295
1.04660958906956,0.284960231856111,1.15265598328281,2.56028448459242,-0.556809726027905,-0.0207889173621872,-0.308368328517878,0.142863428083779,-0.390262657172698,0.630581650056673,-0.182992714486127,-0.249028271912605,-0.547484056980549,0.241894493808111,1.06630880096499,0.591028375566985,-0.330406110417978,-0.40960045284268,-1.6891401647858,-0.1668453898028,0.16326838186906,0.399610770356197,0.0217575036737997,0.390896314288616,0.253962595153906,0.0668235005465961,0.0215743835954432,0.0338665851672878,-0.23156763008529158,-0.29750338939695276
-4.42350762703846,1.64804777413239,-6.93438785672913,4.89460056642244,-5.07813111998958,0.0108488776042783,-3.40909567897227,1.40929050029893,-3.26067152936237,-7.78135276287243,6.28337707847689,-9.65660635996176,-1.61913485478932,-10.7321089251086,0.288220764475555,-7.89812205175049,-13.5706825019333,-4.59023530005094,2.59017338411194,-0.562264103606392,0.698359061079766,0.487477720585547,1.22869827965959,-0.535217333195035,0.388278095984062,-0.0094656471517041,2.300164247557,0.0812314897144668,2.2375304607049715,-1.0913449981618306
-19.8563223334433,12.0958932259299,-22.4640827464876,6.11554110191771,-15.1480215209615,-4.34672408349599,-15.6485074722661,13.2768048056341,-3.97416161954102,-8.85919405880884,5.73081553744459,-8.08803351213651,0.230824969324902,-8.57897327333454,0.000946636693186,-6.94774606726094,-13.4728970076501,-4.94021082886802,1.23014255193802,1.58292955492187,1.75072984045421,-1.40963570908141,-0.809809278333882,0.121396659905885,1.35030007077468,-0.224291873525585,1.59762136835254,0.476919818025438,0.046539245565032604,-1.4367581211012517
0.315641749332386,1.63677796226183,-1.51964988293973,4.02857099852445,-1.18679426720391,-0.789813099852487,-2.27980740468004,0.472987926704315,-1.65763500271185,-2.89499040084744,1.60198538284757,-2.82494562476694,1.26920363552044,-5.59136368933409,-0.974827287131074,-2.73779549628906,-4.9615343155062,-2.22479740778771,-0.136117269757132,0.388884849068478,0.345920750226663,-0.1080015945344,-0.165441941824109,0.279894580016653,0.808783092569154,0.117362632970147,0.58959490284462,0.30906407378289,-0.3380766462917987,-0.51770609783916
0.432554461820961,1.86137334473124,-4.31035306214219,2.44808047483365,4.57409367462504,-2.97991207512663,-2.79237913364276,-2.71986651919035,-0.276703666493858,-2.31474716368481,2.22296005779154,-0.407550442912615,-1.65231153851303,-5.87143807802568,-0.427646957092402,1.67987296365444,5.54086531862428,3.20763696362324,-0.559479810847182,0.318852892094648,-1.3844768425902,-0.348903877586001,-3.9799478814166,-0.828156262241172,-2.41944598182275,-0.767069606648857,0.387038910929273,0.319401534511631,-0.3492313067728856,0.7975507603985584
-1.16920341321234,1.86341353532436,-2.51513548140496,5.46368064632147,-0.297971322569218,1.36491803995482,0.759218697057941,-0.118860976595472,-2.29392142249704,-0.423783865294484,2.37587561688329,-3.24482729860534,-0.556619004651202,-5.15247483394519,0.0509063245131081,-1.02204502568313,-1.64650484628376,0.126459752723905,1.81901276401306,-0.299374112945613,-0.393089990476079,-0.708692350094872,0.47130870257521,-0.0786160465959469,-0.544654650975683,0.0147767561333222,-0.240929959465545,-0.781055195837041,0.9445094047234974,0.9995383648145145
-0.779723018898816,0.940325829244985,0.311527397289645,-0.508878982532885,-0.0886346017307403,-0.585239873202311,0.622055113802302,0.482165278137111,-0.355553628645618,-0.533338315812278,0.195584971980401,0.137532185906702,-1.41045983572452,0.781464125877965,-1.26776720317877,0.295853462931451,-0.447082818973728,0.276484565722276,-0.0859015286169958,-0.120913201609056,0.118449736531594,0.268974231857801,0.0016307140211504,0.015683377549818,-0.358642569803843,0.300855051902542,0.200953072953316,0.157648773961065,-0.1536449301654408,-0.6893281762367873
2.26411497864329,-1.39361130796863,-0.90062312351602,-1.66630589280153,-1.16153761340413,-0.392884350038845,-1.18047003396044,-0.0934405594510336,-1.42792094276488,1.72122364619954,0.426627719618292,-0.0673979063461595,0.61498179400044,-0.310534062068337,-0.832533663332538,-0.319378393632396,0.150889177332249,0.374250784640033,0.22311038705164,-0.409769800532358,-0.159280373704557,0.0502960628675819,0.203551416680757,-0.483440157901726,-0.224505793274635,-0.192079303830594,0.0156256269294386,-0.0621530768457688,-0.2857017171512115,0.8604086627319226
-1.34804164426498,2.52282067569291,-0.782432259389823,4.08304665188122,-0.662280329645865,-0.598775712530929,-1.94355185121781,-0.329578950885032,-1.85327422572214,-3.16213595485783,1.53319383793753,-4.63512694781183,-1.11357273401976,-6.4358707376348,-0.293191947937035,-2.84993079536978,-3.65425828769231,-1.18303413658687,0.831623853010765,0.348896285038196,1.07987140816824,-0.352026410347836,-0.218357652796912,0.125865683985355,-0.0741801756408069,0.17911552652805,0.612579819202836,0.234206089600607,-0.3492313067728856,-0.6402000401752334
-0.973996687211064,1.70804568432101,-1.35224062433331,-0.582888342195312,0.109308528453338,-0.835509122859678,0.175056891534865,0.763997490333121,0.241817999629324,-0.0773481164670876,-1.70927625768851,-0.573389017216695,-1.15843077752963,1.15252640099855,0.621422583657989,-0.0629703846987465,-0.21244112826489,0.506216912912171,0.105502513940108,-0.0323595769247472,0.352853091984232,1.0513960700216,0.0084334338136505,0.465240135926976,-0.626251611664373,-0.218806296996736,0.455710384171491,0.318472045043231,-0.3502708091833095,1.2185407716041248
-0.131468019005849,0.211102975687793,0.453199155971363,-2.73720238801396,0.0232938960621601,-1.51355151663848,0.847595433775926,-0.217475836767464,1.23363436686122,-1.80023278042977,-1.01276304075448,-0.0782669132002633,-1.11360440626243,0.278252884230815,0.269413793974798,-0.49893190576842,-0.388243097062537,-0.0463753006910523,0.077737226094215,-0.242560143314893,0.0532321267439277,0.227784193228998,-0.205473728123281,0.0478436304606488,0.147283614073079,-0.341870591265955,0.0142939379660843,0.0162727408960339,-0.29145896127048215,1.3957642577138711
1.90297283757247,1.10997365808014,-1.79545577877037,3.96014391128513,1.16574413448451,-0.240413311658619,0.315553299402719,0.0271869433708983,-1.22770451459401,0.496863840915322,0.839446111489561,-0.425778795569397,-0.754202510986952,-2.219422222958,-1.20809274081088,2.02567229164003,1.02557212376382,1.11042289835122,-1.26844037576464,-0.23966131341351,-0.414143972957991,-1.20967470956635,0.252961218447953,-0.827939521734121,-0.240060453891514,-0.328947816547413,-0.0106695169194019,0.0008391385326008,-0.351270330731794,1.223826310460297
-17.9762660516057,12.864988563015,-19.5750661905691,11.3451198184298,-13.9986456031027,-0.35489996091484,-23.7834698823143,-4.87235340557097,-8.50428479375643,-16.6011969664137,5.56925817499418,-13.9322487527403,-0.204854827407058,-7.58102324741972,-1.01361239001659,-9.01481328062598,-16.0920320589503,-6.05014766257303,1.66102935873752,2.41992113013135,-4.30043186631826,2.8657718597682,1.48930201538756,0.386039288843108,-0.232391836340479,0.413826703027495,-3.25598090607432,-0.538963227046118,-0.3186859282511996,0.0485835871018209
-0.928186782372381,0.422406059244842,2.6302395114784,-2.09695131695034,-0.56860833729334,-0.556408241592933,0.472756339375601,-0.099144711166677,1.70406465466535,-0.729666671399306,1.17903730101883,0.184977990429032,-1.89428231163146,-0.3072306999901,0.212150626841987,-0.272606446675613,-0.675106952806371,0.814898569171193,0.209659645689647,0.198026188742028,-0.0968609430208983,0.287539465789873,-0.398182670604667,0.500655419067153,0.461114422848815,-0.834445804332617,0.118322901199347,-0.25948856458268,-0.3492313067728856,-0.3235309831269487
1.93374227716729,0.0506823167041164,-1.85610307775132,0.366986996029114,0.432103016818124,-0.890344721405464,0.273558291659203,-0.263727504527496,0.217276987016239,-0.359067343044434,1.25241103107265,1.12033092789123,0.828433270884175,-0.704895697673971,0.181190281927758,0.402565115509433,0.0354607246965756,0.91856298151326,-0.1126728937447,-0.0356318874691598,0.271345658474855,0.860934593607903,-0.120587916157418,-0.433315077266216,0.262694078764285,-0.10355800110742,-0.0071909891104489,-0.0347399934252486,-0.1417306333075057,1.2026630971118781
-0.337299100901421,1.15311299654731,1.30215397634422,0.0590824778854917,0.0524662775111902,-0.98289980324091,0.718723984924849,-0.0844634725851915,-0.425751239143278,-0.515696601475308,-0.175453083383861,0.03213305833492,0.325165474271161,-0.470855598203492,0.870818871849249,0.372096968468507,-0.003009109124121,-0.165270346639915,-0.0921599750552142,0.122136955448362,-0.262667606576554,-0.671903777338242,-0.0225650508641484,0.340222919732069,-0.154572986865667,0.0712266634103103,0.247791082959783,0.0985778827617197,-0.349271287634825,-0.19941558066368303
